Campaign,Ad group,Keyword,Match type,Final URL
GOOG_Search_Keelung-Taipei-NewTaipei_Cleaning_2026Q3,基隆清潔,基隆清潔公司,Phrase,https://0988145875.com.tw/keelung.html?utm_source=google&utm_medium=cpc&utm_campaign=search_cleaning_north&utm_content=keelung&utm_term={keyword}
GOOG_Search_Keelung-Taipei-NewTaipei_Cleaning_2026Q3,基隆清潔,基隆清潔公司,Exact,https://0988145875.com.tw/keelung.html?utm_source=google&utm_medium=cpc&utm_campaign=search_cleaning_north&utm_content=keelung&utm_term={keyword}
GOOG_Search_Keelung-Taipei-NewTaipei_Cleaning_2026Q3,基隆清潔,基隆居家清潔,Phrase,https://0988145875.com.tw/keelung.html?utm_source=google&utm_medium=cpc&utm_campaign=search_cleaning_north&utm_content=keelung&utm_term={keyword}
GOOG_Search_Keelung-Taipei-NewTaipei_Cleaning_2026Q3,基隆清潔,基隆居家清潔,Exact,https://0988145875.com.tw/keelung.html?utm_source=google&utm_medium=cpc&utm_campaign=search_cleaning_north&utm_content=keelung&utm_term={keyword}
GOOG_Search_Keelung-Taipei-NewTaipei_Cleaning_2026Q3,基隆清潔,基隆裝潢細清,Phrase,https://0988145875.com.tw/keelung.html?utm_source=google&utm_medium=cpc&utm_campaign=search_cleaning_north&utm_content=keelung&utm_term={keyword}
GOOG_Search_Keelung-Taipei-NewTaipei_Cleaning_2026Q3,基隆清潔,基隆裝潢細清,Exact,https://0988145875.com.tw/keelung.html?utm_source=google&utm_medium=cpc&utm_campaign=search_cleaning_north&utm_content=keelung&utm_term={keyword}
GOOG_Search_Keelung-Taipei-NewTaipei_Cleaning_2026Q3,基隆清潔,基隆大掃除,Phrase,https://0988145875.com.tw/keelung.html?utm_source=google&utm_medium=cpc&utm_campaign=search_cleaning_north&utm_content=keelung&utm_term={keyword}
GOOG_Search_Keelung-Taipei-NewTaipei_Cleaning_2026Q3,基隆清潔,基隆大掃除,Exact,https://0988145875.com.tw/keelung.html?utm_source=google&utm_medium=cpc&utm_campaign=search_cleaning_north&utm_content=keelung&utm_term={keyword}
GOOG_Search_Keelung-Taipei-NewTaipei_Cleaning_2026Q3,基隆清潔,基隆退租清潔,Phrase,https://0988145875.com.tw/keelung.html?utm_source=google&utm_medium=cpc&utm_campaign=search_cleaning_north&utm_content=keelung&utm_term={keyword}
GOOG_Search_Keelung-Taipei-NewTaipei_Cleaning_2026Q3,基隆清潔,基隆退租清潔,Exact,https://0988145875.com.tw/keelung.html?utm_source=google&utm_medium=cpc&utm_campaign=search_cleaning_north&utm_content=keelung&utm_term={keyword}
GOOG_Search_Keelung-Taipei-NewTaipei_Cleaning_2026Q3,台北清潔,台北清潔公司,Phrase,https://0988145875.com.tw/taipei.html?utm_source=google&utm_medium=cpc&utm_campaign=search_cleaning_north&utm_content=taipei&utm_term={keyword}
GOOG_Search_Keelung-Taipei-NewTaipei_Cleaning_2026Q3,台北清潔,台北清潔公司,Exact,https://0988145875.com.tw/taipei.html?utm_source=google&utm_medium=cpc&utm_campaign=search_cleaning_north&utm_content=taipei&utm_term={keyword}
GOOG_Search_Keelung-Taipei-NewTaipei_Cleaning_2026Q3,台北清潔,台北居家清潔,Phrase,https://0988145875.com.tw/taipei.html?utm_source=google&utm_medium=cpc&utm_campaign=search_cleaning_north&utm_content=taipei&utm_term={keyword}
GOOG_Search_Keelung-Taipei-NewTaipei_Cleaning_2026Q3,台北清潔,台北居家清潔,Exact,https://0988145875.com.tw/taipei.html?utm_source=google&utm_medium=cpc&utm_campaign=search_cleaning_north&utm_content=taipei&utm_term={keyword}
GOOG_Search_Keelung-Taipei-NewTaipei_Cleaning_2026Q3,台北清潔,台北裝潢細清,Phrase,https://0988145875.com.tw/taipei.html?utm_source=google&utm_medium=cpc&utm_campaign=search_cleaning_north&utm_content=taipei&utm_term={keyword}
GOOG_Search_Keelung-Taipei-NewTaipei_Cleaning_2026Q3,台北清潔,台北裝潢細清,Exact,https://0988145875.com.tw/taipei.html?utm_source=google&utm_medium=cpc&utm_campaign=search_cleaning_north&utm_content=taipei&utm_term={keyword}
GOOG_Search_Keelung-Taipei-NewTaipei_Cleaning_2026Q3,台北清潔,台北退租清潔,Phrase,https://0988145875.com.tw/taipei.html?utm_source=google&utm_medium=cpc&utm_campaign=search_cleaning_north&utm_content=taipei&utm_term={keyword}
GOOG_Search_Keelung-Taipei-NewTaipei_Cleaning_2026Q3,台北清潔,台北退租清潔,Exact,https://0988145875.com.tw/taipei.html?utm_source=google&utm_medium=cpc&utm_campaign=search_cleaning_north&utm_content=taipei&utm_term={keyword}
GOOG_Search_Keelung-Taipei-NewTaipei_Cleaning_2026Q3,新北清潔,新北清潔公司,Phrase,https://0988145875.com.tw/new-taipei.html?utm_source=google&utm_medium=cpc&utm_campaign=search_cleaning_north&utm_content=new_taipei&utm_term={keyword}
GOOG_Search_Keelung-Taipei-NewTaipei_Cleaning_2026Q3,新北清潔,新北清潔公司,Exact,https://0988145875.com.tw/new-taipei.html?utm_source=google&utm_medium=cpc&utm_campaign=search_cleaning_north&utm_content=new_taipei&utm_term={keyword}
GOOG_Search_Keelung-Taipei-NewTaipei_Cleaning_2026Q3,新北清潔,新北居家清潔,Phrase,https://0988145875.com.tw/new-taipei.html?utm_source=google&utm_medium=cpc&utm_campaign=search_cleaning_north&utm_content=new_taipei&utm_term={keyword}
GOOG_Search_Keelung-Taipei-NewTaipei_Cleaning_2026Q3,新北清潔,新北居家清潔,Exact,https://0988145875.com.tw/new-taipei.html?utm_source=google&utm_medium=cpc&utm_campaign=search_cleaning_north&utm_content=new_taipei&utm_term={keyword}
GOOG_Search_Keelung-Taipei-NewTaipei_Cleaning_2026Q3,新北清潔,新北退租清潔,Phrase,https://0988145875.com.tw/new-taipei.html?utm_source=google&utm_medium=cpc&utm_campaign=search_cleaning_north&utm_content=new_taipei&utm_term={keyword}
GOOG_Search_Keelung-Taipei-NewTaipei_Cleaning_2026Q3,新北清潔,新北退租清潔,Exact,https://0988145875.com.tw/new-taipei.html?utm_source=google&utm_medium=cpc&utm_campaign=search_cleaning_north&utm_content=new_taipei&utm_term={keyword}
GOOG_Search_Keelung-Taipei-NewTaipei_Cleaning_2026Q3,新北清潔,新北裝潢細清,Phrase,https://0988145875.com.tw/new-taipei.html?utm_source=google&utm_medium=cpc&utm_campaign=search_cleaning_north&utm_content=new_taipei&utm_term={keyword}
GOOG_Search_Keelung-Taipei-NewTaipei_Cleaning_2026Q3,新北清潔,新北裝潢細清,Exact,https://0988145875.com.tw/new-taipei.html?utm_source=google&utm_medium=cpc&utm_campaign=search_cleaning_north&utm_content=new_taipei&utm_term={keyword}
GOOG_Search_Keelung-Taipei-NewTaipei_Cleaning_2026Q3,費用試算,清潔費用,Phrase,https://0988145875.com.tw/calculator.html?utm_source=google&utm_medium=cpc&utm_campaign=search_cleaning_north&utm_content=calculator&utm_term={keyword}
GOOG_Search_Keelung-Taipei-NewTaipei_Cleaning_2026Q3,費用試算,清潔費用,Exact,https://0988145875.com.tw/calculator.html?utm_source=google&utm_medium=cpc&utm_campaign=search_cleaning_north&utm_content=calculator&utm_term={keyword}
GOOG_Search_Keelung-Taipei-NewTaipei_Cleaning_2026Q3,費用試算,居家清潔價格,Phrase,https://0988145875.com.tw/calculator.html?utm_source=google&utm_medium=cpc&utm_campaign=search_cleaning_north&utm_content=calculator&utm_term={keyword}
GOOG_Search_Keelung-Taipei-NewTaipei_Cleaning_2026Q3,費用試算,居家清潔價格,Exact,https://0988145875.com.tw/calculator.html?utm_source=google&utm_medium=cpc&utm_campaign=search_cleaning_north&utm_content=calculator&utm_term={keyword}
GOOG_Search_Keelung-Taipei-NewTaipei_Cleaning_2026Q3,費用試算,裝潢細清費用,Phrase,https://0988145875.com.tw/calculator.html?utm_source=google&utm_medium=cpc&utm_campaign=search_cleaning_north&utm_content=calculator&utm_term={keyword}
GOOG_Search_Keelung-Taipei-NewTaipei_Cleaning_2026Q3,費用試算,裝潢細清費用,Exact,https://0988145875.com.tw/calculator.html?utm_source=google&utm_medium=cpc&utm_campaign=search_cleaning_north&utm_content=calculator&utm_term={keyword}
GOOG_Search_Keelung-Taipei-NewTaipei_Cleaning_2026Q3,費用試算,大掃除價格,Phrase,https://0988145875.com.tw/calculator.html?utm_source=google&utm_medium=cpc&utm_campaign=search_cleaning_north&utm_content=calculator&utm_term={keyword}
GOOG_Search_Keelung-Taipei-NewTaipei_Cleaning_2026Q3,費用試算,大掃除價格,Exact,https://0988145875.com.tw/calculator.html?utm_source=google&utm_medium=cpc&utm_campaign=search_cleaning_north&utm_content=calculator&utm_term={keyword}

